noise,mps,mps+icp
0.0,0.0,1.1072
0.5,0.01736,1.1072
1.0,0.04668,1.1072
1.5,0.15065,1.1072
2.0,0.22021,1.1072
2.5,76.01306,1.11403
3.0,0.65925,1.10254
3.5,0.39172,1.1072
4.0,0.85834,1.1072
4.5,0.60797,1.1072
5.0,3.03763,1.10911
5.5,1.34152,1.10841
6.0,2.52741,1.1072
