points,mps,mps+icp
1,45046.86625,45046.86625
2,6603.43749,5412.88978
3,7509.28353,8600.74887
4,0.0,1.1072
5,0.0,1.1072
6,0.0,1.1072
7,0.0,1.1072
8,0.0,1.1072
9,0.0,1.1072
10,0.0,1.1072
11,0.0,1.1072
12,0.0,1.1072
13,0.0,1.1072
14,0.0,1.1072
15,0.0,1.1072
16,0.0,1.1072
17,0.0,1.1072
18,0.0,1.1072
19,0.0,1.1072
20,0.0,1.1072
