angle,fpfh,fpfh+icp,pca,pca+icp
0deg,3.53468,1.10841,40.02235,1.13809
5deg_right,3.30004,1.1129,2554.49362,2460.32122
10deg_right,0.55443,1.08763,58.22161,1.15165
15deg_right,3.83333,1.06005,2538.79867,2488.61779
20deg_right,4.95372,1.03576,89.39094,1.10652
25deg_right,10.17274,1.00146,2691.75543,2387.4065
30deg_right,4.62448,1.00659,84.56393,1.07644
35deg_right,7.44704,1.04795,706.87402,405.61437
45deg_right,2.89342,1.10348,687.89514,318.33838
